"","location","start","end","enrolled","cap","day"
"1","ACADMY AUD","1000","1150",111,126,1
"2","ACADMY AUD","1200","1350",72,70,1
"3","ACADMY AUD","1400","1550",95,120,1
"4","ACADMY AUD","1600","1720",78,125,1
"5","ARMORY 209","1000","1150",23,25,1
"6","ARMORY 302","0800","0950",14,37,1
"7","ARMORY 407","1430","1650",4,20,1
"8","CARNEG 101","1000","1150",6,30,1
"9","CARNEG 101","1200","1350",35,35,1
"10","CARNEG 101","1400","1550",18,30,1
"11","CARNEG 102","1000","1150",10,20,1
"12","CARNEG 102","1200","1250",54,60,1
"13","CARNEG 106","1000","1150",74,80,1
"14","CARNEG 106","1200","1350",17,19,1
"15","CARNEG 106","1400","1520",23,35,1
"16","CARNEG 113","0800","0950",45,80,1
"17","CARNEG 113","1000","1120",91,92,1
"18","CARNEG 113","1200","1350",59,60,1
"19","CARNEG 113","1400","1550",56,70,1
"20","CARNEG 113","1800","1950",73,90,1
"21","CARNEG 201","1000","1150",49,49,1
"22","CARNEG 201","1200","1350",45,46,1
"23","CARNEG 201","1400","1550",13,30,1
"24","CARNEG 201","1600","1750",31,48,1
"25","CARNEG 205","1400","1550",19,19,1
"26","CARNEG 206","1000","1150",10,35,1
"27","CARNEG 206","1400","1550",8,30,1
"28","CARNEG 206","1800","1950",6,10,1
"29","CARNEG 208","1000","1150",25,25,1
"30","CARNEG 208","1200","1350",15,30,1
"31","CARNEG 208","1400","1550",20,33,1
"32","CARNEG 210","0800","0850",81,105,1
"33","CARNEG 210","0900","0950",93,105,1
"34","CARNEG 210","1000","1150",22,30,1
"35","CARNEG 210","1400","1550",23,25,1
"36","CBIS","1500","1720",8,140,1
"37","COGSWL 113","1300","1650",7,18,1
"38","DARRIN 174","1200","1350",8,15,1
"39","DARRIN 174","1400","1550",4,5,1
"40","DARRIN 174","1600","1750",2,5,1
"41","DARRIN 174","1800","1950",2,5,1
"42","DARRIN 232","0700","0950",10,35,1
"43","DARRIN 232","1000","1150",12,30,1
"44","DARRIN 232","1200","1250",93,90,1
"45","DARRIN 232","1300","1350",102,90,1
"46","DARRIN 232","1400","1550",30,35,1
"47","DARRIN 232","1600","1720",3,20,1
"48","DARRIN 235","1000","1150",7,19,1
"49","DARRIN 235","1400","1520",12,60,1
"50","DARRIN 235","1600","1750",19,19,1
"51","DARRIN 236","1000","1150",31,30,1
"52","DARRIN 236","1400","1520",17,30,1
"53","DARRIN 236","1600","1750",10,19,1
"54","DARRIN 239","0800","0950",31,30,1
"55","DARRIN 239","1000","1150",14,60,1
"56","DARRIN 239","1400","1550",27,30,1
"57","DARRIN 239","1600","1750",5,25,1
"58","DARRIN 308","0800","0950",216,288,1
"59","DARRIN 308","1000","1150",189,400,1
"60","DARRIN 308","1200","1350",202,400,1
"61","DARRIN 308","1400","1520",950,952,1
"62","DARRIN 308","1600","1720",482,684,1
"63","DARRIN 308","1800","1950",143,260,1
"64","DARRIN 318","0900","0950",53,80,1
"65","DARRIN 318","1000","1150",222,216,1
"66","DARRIN 318","1200","1350",87,84,1
"67","DARRIN 318","1400","1520",360,360,1
"68","DARRIN 324","1000","1050",278,280,1
"69","DARRIN 324","1100","1150",387,384,1
"70","DARRIN 324","1200","1250",278,280,1
"71","DARRIN 324","1300","1350",60,60,1
"72","DARRIN 324","1400","1550",115,120,1
"73","DARRIN 330","0900","0950",214,240,1
"74","DARRIN 330","1000","1150",65,150,1
"75","DARRIN 330","1200","1350",114,150,1
"76","DARRIN 330","1400","1450",216,240,1
"77","DARRIN 330","1500","1550",226,240,1
"78","DARRIN 330","1600","1650",106,125,1
"79","DARRIN 330","1700","1750",99,120,1
"80","DARRIN 330","1900","2050",95,120,1
"81","DARRIN 337","0900","0950",44,35,1
"82","DARRIN 337","1000","1150",94,110,1
"83","DARRIN 337","1200","1350",175,220,1
"84","DARRIN 337","1400","1550",67,70,1
"85","DARRIN 337","1600","1750",99,100,1
"86","DARRIN 337","1800","1950",73,100,1
"87","EATON 214","0900","0950",348,360,1
"88","EATON 214","1000","1150",46,80,1
"89","EATON 214","1200","1320",238,240,1
"90","EATON 214","1400","1520",218,240,1
"91","EATON 214","1600","1650",208,240,1
"92","EATON 214","1800","1950",62,60,1
"93","EATON 215","0800","0850",44,60,1
"94","EATON 215","0900","0950",54,60,1
"95","EATON 215","1000","1150",38,49,1
"96","EATON 215","1600","1750",35,100,1
"97","EATON 216","0800","0850",58,60,1
"98","EATON 216","0900","0950",58,60,1
"99","EATON 216","1000","1050",48,60,1
"100","EATON 216","1100","1150",54,60,1
"101","EATON 216","1200","1350",17,40,1
"102","EATON 216","1400","1520",9,40,1
"103","GREENE 120","1000","1150",19,60,1
"104","GREENE 120","1200","1250",37,50,1
"105","GREENE 120","1400","1750",19,32,1
"106","GREENE 120","1900","2150",6,7,1
"107","GREENE 204","1000","1120",5,20,1
"108","GREENE STU","1400","1750",370,999,1
"109","GURLEY","1000","1150",12,20,1
"110","GURLEY","1400","1550",7,32,1
"111","J-ROWL 1W01","1000","1150",7,10,1
"112","J-ROWL 1W01","1200","1350",4,15,1
"113","J-ROWL 1W01","1400","1550",5,30,1
"114","J-ROWL 1W01","1600","1750",8,20,1
"115","J-ROWL 2C06","0800","0950",47,36,1
"116","J-ROWL 2C06","1000","1150",47,48,1
"117","J-ROWL 2C06","1200","1350",45,48,1
"118","J-ROWL 2C06","1400","1550",48,48,1
"119","J-ROWL 2C06","1600","1750",44,48,1
"120","J-ROWL 2C13","1000","1150",10,30,1
"121","J-ROWL 2C13","1200","1350",19,19,1
"122","J-ROWL 2C13","1400","1550",12,20,1
"123","J-ROWL 2C13","1600","1720",10,20,1
"124","J-ROWL 2C14","1000","1150",45,48,1
"125","J-ROWL 2C14","1200","1350",39,48,1
"126","J-ROWL 2C14","1400","1550",2,48,1
"127","J-ROWL 2C22","1000","1150",44,48,1
"128","J-ROWL 2C22","1200","1350",44,48,1
"129","J-ROWL 2C22","1400","1550",42,48,1
"130","J-ROWL 2C25","0800","0950",16,25,1
"131","J-ROWL 2C25","1000","1120",12,50,1
"132","J-ROWL 2C25","1200","1350",24,60,1
"133","J-ROWL 2C25","1400","1550",8,24,1
"134","J-ROWL 2C25","1600","1750",24,30,1
"135","J-ROWL 2C30","0800","0950",48,48,1
"136","J-ROWL 2C30","1000","1150",48,48,1
"137","J-ROWL 2C30","1200","1350",31,48,1
"138","J-ROWL 2C30","1400","1550",46,48,1
"139","J-ROWL 3W13","1000","1150",2,24,1
"140","J-ROWL 3W18","1400","1650",18,20,1
"141","JONSSN 1010","0900","1150",50,56,1
"142","JONSSN 1010","1400","1650",52,56,1
"143","JONSSN 1010","1700","1950",52,56,1
"144","JONSSN 1219","1400","1550",24,24,1
"145","JONSSN 3207","1000","1150",21,55,1
"146","JONSSN 3207","1200","1350",13,30,1
"147","JONSSN 3207","1400","1550",1,20,1
"148","JONSSN 3207","1600","1750",7,20,1
"149","JONSSN 3210","0830","0950",36,78,1
"150","JONSSN 3210","1000","1150",68,70,1
"151","JONSSN 3210","1200","1350",48,56,1
"152","JONSSN 3210","1400","1550",35,50,1
"153","JONSSN 3232","0800","0950",52,56,1
"154","JONSSN 3232","1400","1550",54,56,1
"155","JONSSN 4104","1000","1120",35,40,1
"156","JONSSN 4104","1400","1520",27,84,1
"157","JONSSN 4107","1000","1120",23,80,1
"158","JONSSN 4107","1230","1350",26,35,1
"159","JONSSN 4107","1400","1520",27,35,1
"160","JONSSN 4107","1600","1720",11,30,1
"161","JONSSN 4201","0800","0950",41,68,1
"162","JONSSN 4201","1000","1250",51,68,1
"163","JONSSN 4201","1300","1550",63,70,1
"164","JONSSN 4201","1600","1750",64,68,1
"165","JONSSN 4304","1000","1150",35,35,1
"166","JONSSN 4309","0800","0920",63,90,1
"167","JONSSN 4309","1000","1150",46,56,1
"168","JONSSN 4309","1200","1350",26,56,1
"169","JONSSN 4309","1400","1500",11,20,1
"170","JONSSN 5119","0900","0950",38,45,1
"171","JONSSN 5119","1000","1150",56,56,1
"172","JONSSN 5119","1200","1450",7,30,1
"173","JONSSN 6309","1000","1120",28,30,1
"174","JONSSN 6309","1230","1350",40,36,1
"175","JONSSN 6309","1600","1750",40,49,1
"176","JONSSN 6309","1800","2050",40,49,1
"177","LALLY 02","1000","1050",48,60,1
"178","LALLY 02","1100","1150",52,60,1
"179","LALLY 02","1400","1550",9,25,1
"180","LALLY 02","1600","1720",14,20,1
"181","LALLY 102","0800","0950",28,30,1
"182","LALLY 102","1200","1350",62,60,1
"183","LALLY 102","1400","1550",40,60,1
"184","LALLY 102","1600","1750",27,60,1
"185","LALLY 104","0800","0850",62,70,1
"186","LALLY 104","0900","0950",68,70,1
"187","LALLY 104","1100","1350",13,16,1
"188","LALLY 104","1400","1550",49,50,1
"189","LOW 1027","1000","1250",21,24,1
"190","LOW 1027","1400","1650",22,24,1
"191","LOW 3039","1000","1150",36,70,1
"192","LOW 3039","1400","1550",29,30,1
"193","LOW 3045","0800","0950",26,38,1
"194","LOW 3045","1000","1150",38,80,1
"195","LOW 3045","1200","1320",27,32,1
"196","LOW 3051","0900","1150",76,130,1
"197","LOW 3051","1200","1350",47,68,1
"198","LOW 3051","1400","1550",57,60,1
"199","LOW 3112","0830","0950",16,20,1
"200","LOW 3112","1000","1120",22,55,1
"201","LOW 3112","1200","1350",8,20,1
"202","LOW 3112","1400","1550",17,20,1
"203","LOW 3116","0700","0950",14,35,1
"204","LOW 3116","1000","1120",17,50,1
"205","LOW 3116","1200","1250",60,60,1
"206","LOW 3116","1300","1350",62,60,1
"207","LOW 3116","1400","1550",46,56,1
"208","LOW 3116","1700","1950",10,20,1
"209","LOW 3130","0830","0950",4,20,1
"210","LOW 3130","1000","1150",12,25,1
"211","LOW 3130","1200","1350",3,10,1
"212","LOW 3130","1400","1550",40,56,1
"213","LOW 4034","1000","1120",21,32,1
"214","LOW 4034","1200","1250",60,60,1
"215","LOW 4034","1300","1350",52,60,1
"216","LOW 4034","1400","1550",32,38,1
"217","LOW 4040","0800","0950",5,20,1
"218","LOW 4040","1200","1350",19,55,1
"219","LOW 4040","1400","1520",17,30,1
"220","LOW 4050","0800","0950",71,80,1
"221","LOW 4050","1000","1150",152,140,1
"222","LOW 4050","1200","1350",75,80,1
"223","LOW 4050","1400","1550",75,90,1
"224","LOW 4050","1600","1750",29,36,1
"225","LOW 4050","1800","1950",101,110,1
"226","LOW 5118","0900","1150",24,24,1
"227","LOW 5118","1400","1650",24,24,1
"228","LOW 5118","1730","2020",24,24,1
"229","LOW 6116","1200","1450",1,8,1
"230","LOW 6116","1500","1750",4,8,1
"231","MATLS 136","0830","0950",18,50,1
"232","MATLS 136","1000","1150",20,28,1
"233","MATLS 136","1200","1350",14,25,1
"234","MATLS 136","1400","1550",13,28,1
"235","PITTS 4114","0800","0950",31,40,1
"236","PITTS 4114","1000","1150",39,40,1
"237","PITTS 4114","1200","1330",28,50,1
"238","PITTS 4114","1400","1550",51,55,1
"239","PITTS 4114","1800","2050",39,55,1
"240","PITTS 4206","0800","0950",64,70,1
"241","PITTS 4206","1000","1150",62,64,1
"242","PITTS 4206","1200","1350",49,49,1
"243","PITTS 4206","1400","1650",31,52,1
"244","PITTS 4206","1800","2050",15,25,1
"245","PITTS 5114","1000","1150",9,19,1
"246","PITTS 5114","1200","1350",25,30,1
"247","PITTS 5114","1400","1550",23,30,1
"248","PITTS 5114","1800","1950",8,30,1
"249","PITTS 5216","1000","1130",17,23,1
"250","PITTS 5216","1200","1350",28,30,1
"251","PITTS 5216","1400","1550",40,40,1
"252","PITTS 5216","1600","1730",28,50,1
"253","PITTS 5216","1800","2050",33,54,1
"254","RCKTTS 008A","1400","1750",64,75,1
"255","RCKTTS 203","1100","1150",240,240,1
"256","RCKTTS 203","1200","1350",69,85,1
"257","RCKTTS 203","1400","1550",87,140,1
"258","RCKTTS 208","1000","1150",10,40,1
"259","RCKTTS 208","1400","1550",4,19,1
"260","RCKTTS 211","0830","0950",16,50,1
"261","RCKTTS 211","1000","1150",148,150,1
"262","RCKTTS 211","1200","1350",144,150,1
"263","RCKTTS 211","1400","1550",47,60,1
"264","RCKTTS 211","1600","1730",53,55,1
"265","RCKTTS 211","1800","1950",39,75,1
"266","RCKTTS 212","1000","1150",21,33,1
"267","RCKTTS 212","1200","1350",26,40,1
"268","RCKTTS 212","1400","1550",13,31,1
"269","SAGE 1211","1200","1350",10,16,1
"270","SAGE 1211","1600","1750",13,16,1
"271","SAGE 2112","1000","1150",4,3,1
"272","SAGE 2112","1400","1550",14,25,1
"273","SAGE 2112","1600","1750",7,19,1
"274","SAGE 2211","0900","1150",11,30,1
"275","SAGE 2211","1400","1650",29,29,1
"276","SAGE 2411","0800","0950",12,15,1
"277","SAGE 2411","1000","1150",21,15,1
"278","SAGE 2411","1200","1350",17,19,1
"279","SAGE 2411","1400","1550",16,29,1
"280","SAGE 2510","0800","0950",12,19,1
"281","SAGE 2510","1000","1150",20,19,1
"282","SAGE 2510","1200","1350",18,19,1
"283","SAGE 2510","1400","1550",20,19,1
"284","SAGE 2510","1600","1750",13,25,1
"285","SAGE 2701","1000","1150",11,10,1
"286","SAGE 2701","1200","1350",18,19,1
"287","SAGE 2701","1400","1550",28,38,1
"288","SAGE 2704","0800","0850",56,66,1
"289","SAGE 2704","0900","0950",62,66,1
"290","SAGE 2704","1000","1150",36,38,1
"291","SAGE 2704","1200","1350",24,30,1
"292","SAGE 2704","1400","1520",18,19,1
"293","SAGE 2707","1000","1150",48,60,1
"294","SAGE 2707","1200","1350",19,19,1
"295","SAGE 2707","1400","1550",14,19,1
"296","SAGE 2707","1600","1720",18,19,1
"297","SAGE 2715","0800","0850",42,60,1
"298","SAGE 2715","0900","0950",56,60,1
"299","SAGE 2715","1000","1150",15,40,1
"300","SAGE 2715","1200","1350",17,29,1
"301","SAGE 2715","1400","1450",96,90,1
"302","SAGE 2715","1500","1550",102,90,1
"303","SAGE 3101","0800","0950",46,100,1
"304","SAGE 3101","1000","1150",38,49,1
"305","SAGE 3101","1200","1350",57,60,1
"306","SAGE 3101","1400","1550",22,49,1
"307","SAGE 3205","1000","1150",18,19,1
"308","SAGE 3205","1200","1350",13,38,1
"309","SAGE 3205","1400","1550",18,19,1
"310","SAGE 3205","1600","1750",10,19,1
"311","SAGE 3303","0800","0950",208,300,1
"312","SAGE 3303","1000","1150",285,296,1
"313","SAGE 3303","1200","1350",214,300,1
"314","SAGE 3303","1400","1550",143,260,1
"315","SAGE 3303","1600","1750",245,300,1
"316","SAGE 3303","1900","2020",73,76,1
"317","SAGE 3510","0800","0950",86,138,1
"318","SAGE 3510","1000","1150",118,125,1
"319","SAGE 3510","1200","1320",85,160,1
"320","SAGE 3510","1400","1550",98,100,1
"321","SAGE 3510","1900","2050",29,36,1
"322","SAGE 3704","1000","1150",22,24,1
"323","SAGE 3704","1200","1350",42,40,1
"324","SAGE 3704","1400","1550",42,70,1
"325","SAGE 3705","1000","1150",19,19,1
"326","SAGE 3705","1600","1850",10,19,1
"327","SAGE 3713","1000","1150",64,80,1
"328","SAGE 3713","1200","1350",36,49,1
"329","SAGE 3713","1400","1550",15,19,1
"330","SAGE 3713","1600","1750",18,38,1
"331","SAGE 4101","0800","0950",79,80,1
"332","SAGE 4101","1000","1150",118,140,1
"333","SAGE 4101","1200","1350",48,48,1
"334","SAGE 4101","1400","1550",49,140,1
"335","SAGE 4101","1600","1720",33,80,1
"336","SAGE 4112","1000","1150",18,19,1
"337","SAGE 4112","1200","1350",26,24,1
"338","SAGE 4112","1400","1550",46,60,1
"339","SAGE 4112","1600","1750",31,58,1
"340","SAGE 4203","1000","1150",20,38,1
"341","SAGE 4203","1200","1350",9,10,1
"342","SAGE 4203","1400","1550",11,19,1
"343","SAGE 4203","1600","1750",20,38,1
"344","SAGE 4304","1000","1150",6,38,1
"345","SAGE 4510","1000","1150",28,30,1
"346","SAGE 4510","1200","1350",32,49,1
"347","SAGE 4510","1400","1550",34,35,1
"348","SAGE 4510","1600","1750",15,28,1
"349","SAGE 4711","1000","1150",11,22,1
"350","SAGE 4711","1400","1520",18,19,1
"351","SAGE 4711","1600","1720",19,19,1
"352","SAGE 5101","0800","0950",16,60,1
"353","SAGE 5101","1000","1150",60,60,1
"354","SAGE 5101","1200","1350",69,79,1
"355","SAGE 5101","1400","1550",70,70,1
"356","SAGE 5510","0800","0950",29,38,1
"357","SAGE 5510","1000","1150",32,50,1
"358","SAGE 5510","1200","1350",79,80,1
"359","SAGE 5510","1400","1550",27,50,1
"360","SAGE 5510","1600","1720",36,65,1
"361","SAGE 5711","1400","1550",25,24,1
"362","TROY 2012","0800","0950",38,40,1
"363","TROY 2012","1000","1150",69,70,1
"364","TROY 2012","1200","1320",171,204,1
"365","TROY 2012","1400","1520",147,204,1
"366","TROY 2012","1600","1720",10,35,1
"367","TROY 2015","1000","1150",19,60,1
"368","TROY 2015","1200","1320",20,60,1
"369","TROY 2015","1400","1550",60,60,1
"370","TROY 2018","1000","1150",64,68,1
"371","TROY 2018","1200","1320",40,195,1
"372","TROY 2018","1400","1450",42,57,1
"373","TROY 2018","1500","1550",42,57,1
"374","TROY 2018","1600","1750",64,68,1
"375","VORHES NO","1000","1150",27,32,1
"376","VORHES NO","1200","1320",35,35,1
"377","VORHES SO","1000","1150",72,60,1
"378","VORHES SO","1400","1550",18,38,1
"379","WALKER 3109","1400","1650",12,16,1
"380","WALKER 3214","1400","1750",21,21,1
"381","WALKER 3222","1200","1250",9,20,1
"382","WALKER 6113","0800","0950",13,50,1
"383","WALKER 6113","1000","1150",42,60,1
"384","WALKER 6113","1200","1350",39,60,1
"385","WALKER 6113","1400","1550",38,60,1
"386","WALKER 6113","1600","1750",53,50,1
"387","WALKER 6113","1800","1950",38,50,1
"388","WEST 112","1000","1150",38,38,1
"389","WEST 112","1200","1350",40,38,1
"390","WEST 112","1400","1550",30,38,1
"391","WEST 113","1200","1350",16,19,1
"392","WEST 113","1400","1550",11,19,1
"393","WEST 113","1600","1750",12,19,1
"394","WEST 118","1000","1150",19,19,1
"395","WEST 118","1400","1550",5,19,1
"396","WEST 211","1200","1350",6,5,1
"397","WEST 211","1400","1550",5,5,1
"398","WEST 211","1600","1750",16,19,1
"399","WEST 214","1200","1350",18,19,1
"400","WEST 214","1400","1550",21,19,1
"401","WEST 214","1600","1750",28,30,1
"402","WEST 323","1000","1150",31,40,1
"403","WEST 326","0800","0950",19,19,1
"404","WEST 326","1000","1150",18,19,1
"405","WEST 326","1200","1350",38,38,1
"406","WEST 326","1400","1550",5,30,1
"407","WEST 326","1600","1750",46,75,1
"408","WEST 411","1200","1350",12,19,1
"409","WEST 411","1400","1550",19,19,1
"410","WEST AUD","1000","1120",238,240,1
"411","WEST AUD","1200","1320",52,60,1
"412","WEST AUD","1400","1550",158,200,1
"413","WINSLW 1140","1300","1550",9,20,1
"414","ACADMY AUD","0800","0950",74,80,2
"415","ACADMY AUD","1000","1150",93,110,2
"416","ACADMY AUD","1200","1320",210,240,2
"417","ACADMY AUD","1400","1550",50,130,2
"418","ACADMY AUD","1600","1650",86,130,2
"419","ARMORY 209","1000","1150",16,30,2
"420","ARMORY 209","1500","1650",4,20,2
"421","ARMORY 209","1600","1650",9,25,2
"422","ARMORY 302","0800","0950",14,25,2
"423","CARNEG 101","1000","1150",27,55,2
"424","CARNEG 101","1200","1350",17,60,2
"425","CARNEG 101","1400","1550",32,35,2
"426","CARNEG 106","0830","0950",14,35,2
"427","CARNEG 106","1000","1150",34,38,2
"428","CARNEG 106","1200","1350",24,35,2
"429","CARNEG 106","1400","1550",18,30,2
"430","CARNEG 113","0800","0950",173,190,2
"431","CARNEG 113","1000","1150",185,183,2
"432","CARNEG 113","1200","1350",97,100,2
"433","CARNEG 113","1400","1550",43,70,2
"434","CARNEG 201","0800","0950",30,35,2
"435","CARNEG 201","1000","1150",4,20,2
"436","CARNEG 201","1200","1350",28,49,2
"437","CARNEG 201","1400","1550",56,90,2
"438","CARNEG 205","1200","1350",19,16,2
"439","CARNEG 206","0800","0850",70,70,2
"440","CARNEG 206","0900","0950",70,70,2
"441","CARNEG 206","1000","1150",18,19,2
"442","CARNEG 206","1200","1320",7,30,2
"443","CARNEG 206","1400","1550",46,45,2
"444","CARNEG 208","1000","1150",76,72,2
"445","CARNEG 208","1400","1550",14,30,2
"446","CARNEG 210","1000","1120",14,25,2
"447","CARNEG 210","1200","1350",16,33,2
"448","CARNEG 210","1400","1450",56,60,2
"449","CARNEG 210","1500","1550",62,60,2
"450","DARRIN 232","0800","0850",44,60,2
"451","DARRIN 232","0900","0950",62,60,2
"452","DARRIN 232","1000","1150",24,19,2
"453","DARRIN 232","1200","1350",30,30,2
"454","DARRIN 232","1400","1550",10,25,2
"455","DARRIN 235","1000","1150",11,30,2
"456","DARRIN 235","1200","1250",54,60,2
"457","DARRIN 235","1300","1350",50,60,2
"458","DARRIN 235","1400","1550",22,30,2
"459","DARRIN 236","1000","1150",25,35,2
"460","DARRIN 236","1200","1350",22,40,2
"461","DARRIN 236","1400","1550",20,28,2
"462","DARRIN 239","1000","1150",23,30,2
"463","DARRIN 239","1200","1350",29,35,2
"464","DARRIN 239","1400","1550",18,19,2
"465","DARRIN 308","0800","0920",187,270,2
"466","DARRIN 308","1000","1120",235,274,2
"467","DARRIN 308","1200","1320",215,244,2
"468","DARRIN 308","1400","1550",280,360,2
"469","DARRIN 308","1800","1950",680,708,2
"470","DARRIN 318","0800","0950",120,192,2
"471","DARRIN 318","1000","1150",194,200,2
"472","DARRIN 318","1200","1350",78,80,2
"473","DARRIN 318","1400","1520",366,420,2
"474","DARRIN 324","0830","0950",114,165,2
"475","DARRIN 324","1000","1120",100,120,2
"476","DARRIN 324","1200","1320",207,240,2
"477","DARRIN 324","1400","1550",104,125,2
"478","DARRIN 330","0830","0950",258,280,2
"479","DARRIN 330","1000","1150",137,150,2
"480","DARRIN 330","1200","1330",61,85,2
"481","DARRIN 330","1400","1550",72,100,2
"482","DARRIN 337","0800","0950",40,60,2
"483","DARRIN 337","1000","1150",90,140,2
"484","DARRIN 337","1200","1320",66,60,2
"485","DARRIN 337","1400","1520",66,60,2
"486","DARRIN 337","1600","1850",40,65,2
"487","DNASN 130","1000","1150",18,19,2
"488","DNASN 130","1200","1350",17,19,2
"489","DNASN 130","1400","1550",16,19,2
"490","EATON 214","0800","0950",38,60,2
"491","EATON 214","1000","1120",244,240,2
"492","EATON 214","1200","1320",381,360,2
"493","EATON 214","1400","1520",244,264,2
"494","EATON 215","0800","0850",58,60,2
"495","EATON 215","0900","0950",60,60,2
"496","EATON 215","1100","1150",12,16,2
"497","EATON 215","1200","1250",31,40,2
"498","EATON 215","1400","1550",46,60,2
"499","EATON 216","0800","0850",52,60,2
"500","EATON 216","0900","0950",54,60,2
"501","EATON 216","1000","1150",40,80,2
"502","EATON 216","1200","1350",29,30,2
"503","EATON 216","1400","1550",27,30,2
"504","GREENE 120","1000","1150",52,60,2
"505","GREENE 120","1200","1320",54,60,2
"506","GREENE 120","1400","1550",40,48,2
"507","GREENE 120","1800","1950",36,50,2
"508","GREENE 204","0900","1150",7,30,2
"509","GURLEY","1000","1150",10,20,2
"510","GURLEY","1230","1530",9,20,2
"511","J-ROWL","1200","1650",9,16,2
"512","J-ROWL 1W01","1000","1150",13,20,2
"513","J-ROWL 1W01","1200","1350",14,30,2
"514","J-ROWL 1W01","1400","1520",14,30,2
"515","J-ROWL 1W01","1600","1750",0,10,2
"516","J-ROWL 2C06","1000","1150",47,48,2
"517","J-ROWL 2C06","1200","1350",47,48,2
"518","J-ROWL 2C06","1400","1550",45,48,2
"519","J-ROWL 2C13","1000","1150",15,35,2
"520","J-ROWL 2C13","1200","1350",52,60,2
"521","J-ROWL 2C14","1000","1150",23,48,2
"522","J-ROWL 2C14","1400","1550",12,48,2
"523","J-ROWL 2C14","1600","1750",44,50,2
"524","J-ROWL 2C22","1000","1150",40,48,2
"525","J-ROWL 2C22","1200","1350",45,48,2
"526","J-ROWL 2C22","1400","1550",64,76,2
"527","J-ROWL 2C25","0800","0950",16,30,2
"528","J-ROWL 2C25","1000","1150",23,30,2
"529","J-ROWL 2C25","1200","1350",30,60,2
"530","J-ROWL 2C30","1000","1150",45,48,2
"531","J-ROWL 2C30","1200","1350",47,48,2
"532","J-ROWL 2C30","1400","1550",45,48,2
"533","J-ROWL 3W12","1200","1450",8,10,2
"534","J-ROWL 3W12","1500","1550",8,10,2
"535","J-ROWL 3W13","1000","1150",28,30,2
"536","J-ROWL 3W13","1200","1350",10,24,2
"537","J-ROWL 3W18","1300","1550",16,20,2
"538","JONSSN 1010","0900","1150",50,56,2
"539","JONSSN 1010","1300","1550",46,56,2
"540","JONSSN 1010","1600","1850",50,56,2
"541","JONSSN 3207","0800","0950",50,60,2
"542","JONSSN 3207","1000","1150",30,56,2
"543","JONSSN 3207","1200","1320",10,30,2
"544","JONSSN 3207","1400","1550",20,25,2
"545","JONSSN 3210","0800","0950",41,50,2
"546","JONSSN 3210","1000","1150",26,56,2
"547","JONSSN 3210","1200","1350",16,50,2
"548","JONSSN 3210","1400","1550",42,50,2
"549","JONSSN 3232","1400","1550",50,112,2
"550","JONSSN 4104","1000","1120",17,30,2
"551","JONSSN 4104","1230","1350",30,42,2
"552","JONSSN 4104","1400","1520",21,34,2
"553","JONSSN 4107","1230","1350",18,40,2
"554","JONSSN 4107","1400","1520",5,36,2
"555","JONSSN 4201","1000","1250",53,68,2
"556","JONSSN 4201","1300","1550",59,70,2
"557","JONSSN 4304","1000","1150",13,36,2
"558","JONSSN 4304","1200","1320",11,30,2
"559","JONSSN 4309","1200","1350",56,56,2
"560","JONSSN 4309","1800","1950",17,20,2
"561","JONSSN 5119","1000","1150",40,49,2
"562","JONSSN 5119","1200","1350",47,48,2
"563","JONSSN 5119","1400","1550",42,48,2
"564","JONSSN 5119","1800","2050",14,35,2
"565","JONSSN 5213","1300","1550",9,12,2
"566","JONSSN 6309","1000","1120",29,30,2
"567","JONSSN 6309","1230","1350",29,56,2
"568","JONSSN 6309","1400","1520",25,34,2
"569","JONSSN 6309","1600","1850",6,16,2
"570","JONSSN 6309","1900","2050",29,56,2
"571","JONSSN 6314","1000","1150",6,16,2
"572","LALLY 02","0800","0850",90,90,2
"573","LALLY 02","0900","0950",93,90,2
"574","LALLY 02","1000","1150",21,30,2
"575","LALLY 02","1200","1350",10,80,2
"576","LALLY 02","1400","1550",33,60,2
"577","LALLY 102","1000","1150",54,58,2
"578","LALLY 102","1200","1350",56,55,2
"579","LALLY 104","1000","1150",44,45,2
"580","LALLY 104","1200","1350",25,50,2
"581","LALLY 104","1400","1550",31,30,2
"582","LOW 3039","0830","0950",28,30,2
"583","LOW 3039","1200","1350",32,70,2
"584","LOW 3039","1400","1550",40,45,2
"585","LOW 3045","0800","0850",68,70,2
"586","LOW 3045","0900","0950",72,70,2
"587","LOW 3045","1000","1150",7,19,2
"588","LOW 3045","1200","1350",45,116,2
"589","LOW 3045","1400","1520",37,40,2
"590","LOW 3045","1530","1720",26,40,2
"591","LOW 3045","1800","2050",17,35,2
"592","LOW 3051","0800","0950",42,49,2
"593","LOW 3051","1000","1150",57,60,2
"594","LOW 3051","1200","1350",66,70,2
"595","LOW 3051","1400","1520",37,120,2
"596","LOW 3112","0800","0850",90,90,2
"597","LOW 3112","0900","0950",90,90,2
"598","LOW 3112","1000","1150",60,60,2
"599","LOW 3112","1200","1320",6,20,2
"600","LOW 3112","1400","1550",44,60,2
"601","LOW 3116","1000","1120",4,20,2
"602","LOW 3116","1200","1350",23,30,2
"603","LOW 3116","1400","1520",7,30,2
"604","LOW 3130","1000","1150",64,64,2
"605","LOW 3130","1200","1250",56,60,2
"606","LOW 3130","1300","1350",60,60,2
"607","LOW 4034","0800","0850",99,96,2
"608","LOW 4034","0900","0950",96,96,2
"609","LOW 4034","1000","1150",32,60,2
"610","LOW 4040","1200","1350",12,40,2
"611","LOW 4040","1400","1550",60,64,2
"612","LOW 4040","1800","1950",13,18,2
"613","LOW 4050","1000","1150",98,98,2
"614","LOW 4050","1200","1350",30,85,2
"615","LOW 4050","1600","1650",116,120,2
"616","LOW 5118","0900","1150",22,22,2
"617","LOW 5118","1400","1650",22,24,2
"618","LOW 5118","1730","2020",24,24,2
"619","LOW 6116","1500","1750",5,8,2
"620","MATLS 136","1000","1120",8,28,2
"621","MATLS 136","1200","1350",20,28,2
"622","MATLS 334","1400","1550",10,30,2
"623","PITTS 4114","0900","1150",26,45,2
"624","PITTS 4114","1200","1450",45,50,2
"625","PITTS 4114","1500","1750",15,40,2
"626","PITTS 4114","1900","2150",6,30,2
"627","PITTS 4206","1000","1150",50,50,2
"628","PITTS 4206","1200","1350",68,70,2
"629","PITTS 4206","1400","1550",35,45,2
"630","PITTS 5114","1000","1150",26,35,2
"631","PITTS 5114","1200","1350",32,35,2
"632","PITTS 5114","1400","1650",5,20,2
"633","PITTS 5216","0800","0950",48,60,2
"634","PITTS 5216","1000","1150",50,80,2
"635","PITTS 5216","1200","1350",24,34,2
"636","PITTS 5216","1400","1650",35,50,2
"637","PITTS 5216","1800","2050",26,45,2
"638","RCKTTS 008A","1400","1750",39,75,2
"639","RCKTTS 203","0830","0950",26,50,2
"640","RCKTTS 203","1000","1120",372,360,2
"641","RCKTTS 203","1200","1350",53,60,2
"642","RCKTTS 203","1500","1550",53,90,2
"643","RCKTTS 206","1000","1150",10,25,2
"644","RCKTTS 208","0800","0950",19,19,2
"645","RCKTTS 208","1000","1150",19,19,2
"646","RCKTTS 211","0830","0950",105,180,2
"647","RCKTTS 211","1000","1150",136,150,2
"648","RCKTTS 211","1200","1350",144,150,2
"649","RCKTTS 211","1400","1550",67,70,2
"650","RCKTTS 212","1000","1150",39,80,2
"651","RCKTTS 212","1200","1350",9,30,2
"652","RCKTTS 212","1400","1550",30,30,2
"653","SAGE 2112","1000","1150",23,28,2
"654","SAGE 2112","1200","1350",19,19,2
"655","SAGE 2112","1400","1550",21,60,2
"656","SAGE 2112","1600","1750",112,120,2
"657","SAGE 2112","1800","1950",44,120,2
"658","SAGE 2211","0900","1150",17,18,2
"659","SAGE 2211","1200","1350",50,56,2
"660","SAGE 2211","1400","1550",50,56,2
"661","SAGE 2411","1000","1150",11,19,2
"662","SAGE 2411","1200","1350",18,19,2
"663","SAGE 2411","1400","1550",19,19,2
"664","SAGE 2510","0800","0950",10,19,2
"665","SAGE 2510","1000","1150",22,19,2
"666","SAGE 2510","1400","1550",17,19,2
"667","SAGE 2701","0800","0950",11,19,2
"668","SAGE 2701","1200","1350",18,38,2
"669","SAGE 2704","1000","1150",30,30,2
"670","SAGE 2704","1200","1350",17,19,2
"671","SAGE 2704","1400","1550",11,28,2
"672","SAGE 2707","1000","1150",16,19,2
"673","SAGE 2707","1200","1350",18,38,2
"674","SAGE 2707","1400","1550",3,3,2
"675","SAGE 2707","1600","1750",108,120,2
"676","SAGE 2715","1000","1050",64,60,2
"677","SAGE 2715","1100","1150",58,60,2
"678","SAGE 2715","1200","1350",68,68,2
"679","SAGE 2715","1600","1750",120,120,2
"680","SAGE 2715","1800","1950",19,30,2
"681","SAGE 3101","1000","1120",45,60,2
"682","SAGE 3101","1200","1350",98,102,2
"683","SAGE 3101","1400","1550",90,100,2
"684","SAGE 3205","1200","1350",15,19,2
"685","SAGE 3205","1400","1550",5,19,2
"686","SAGE 3205","1600","1750",9,19,2
"687","SAGE 3303","0830","0950",99,300,2
"688","SAGE 3303","1000","1050",206,240,2
"689","SAGE 3303","1200","1350",224,236,2
"690","SAGE 3303","1400","1550",297,314,2
"691","SAGE 3510","0800","0950",70,140,2
"692","SAGE 3510","1030","1150",133,123,2
"693","SAGE 3510","1200","1250",192,240,2
"694","SAGE 3510","1300","1350",105,150,2
"695","SAGE 3510","1400","1550",165,160,2
"696","SAGE 3510","1900","2050",87,84,2
"697","SAGE 3704","1000","1150",111,114,2
"698","SAGE 3704","1200","1320",96,105,2
"699","SAGE 3704","1400","1550",64,76,2
"700","SAGE 3704","1600","1750",100,120,2
"701","SAGE 3705","1000","1150",9,10,2
"702","SAGE 3705","1400","1550",20,19,2
"703","SAGE 3705","1600","1750",116,120,2
"704","SAGE 3713","1000","1150",26,70,2
"705","SAGE 3713","1200","1350",44,70,2
"706","SAGE 3713","1400","1550",70,76,2
"707","SAGE 3713","1600","1850",11,30,2
"708","SAGE 4101","1000","1120",72,75,2
"709","SAGE 4101","1200","1320",54,60,2
"710","SAGE 4101","1400","1550",48,60,2
"711","SAGE 4112","1000","1150",70,70,2
"712","SAGE 4112","1200","1350",28,27,2
"713","SAGE 4112","1600","1750",112,120,2
"714","SAGE 4203","0800","0950",32,38,2
"715","SAGE 4203","1400","1550",20,18,2
"716","SAGE 4203","1600","1750",76,120,2
"717","SAGE 4304","1000","1150",8,19,2
"718","SAGE 4510","0830","0950",30,36,2
"719","SAGE 4510","1000","1120",46,49,2
"720","SAGE 4510","1200","1350",37,50,2
"721","SAGE 4510","1400","1550",12,30,2
"722","SAGE 4510","1600","1750",52,120,2
"723","SAGE 4711","1000","1150",12,19,2
"724","SAGE 4711","1200","1350",19,19,2
"725","SAGE 4711","1400","1550",20,38,2
"726","SAGE 4711","1600","1750",19,19,2
"727","SAGE 5101","0800","0950",54,90,2
"728","SAGE 5101","1000","1130",67,90,2
"729","SAGE 5101","1200","1320",67,85,2
"730","SAGE 5101","1400","1550",67,73,2
"731","SAGE 5510","0800","0950",52,60,2
"732","SAGE 5510","1000","1150",45,50,2
"733","SAGE 5510","1200","1350",96,130,2
"734","SAGE 5510","1400","1550",36,40,2
"735","SAGE 5711","0900","1150",11,10,2
"736","SAGE 5711","1000","1150",36,38,2
"737","SAGE 5711","1200","1350",18,19,2
"738","SAGE 5711","1400","1550",24,25,2
"739","TROY 2012","0800","0950",11,60,2
"740","TROY 2012","1000","1150",64,70,2
"741","TROY 2012","1200","1350",38,60,2
"742","TROY 2012","1400","1520",132,180,2
"743","TROY 2015","1000","1150",3,3,2
"744","TROY 2015","1200","1350",34,35,2
"745","TROY 2015","1400","1550",5,20,2
"746","TROY 2018","1000","1150",35,49,2
"747","TROY 2018","1200","1350",4,5,2
"748","VORHES NO","1000","1120",8,10,2
"749","VORHES NO","1200","1350",7,38,2
"750","VORHES NO","1400","1550",20,110,2
"751","VORHES SO","0800","0850",60,60,2
"752","VORHES SO","0900","0950",58,60,2
"753","VORHES SO","1000","1150",23,40,2
"754","VORHES SO","1200","1350",19,19,2
"755","VORHES SO","1400","1550",60,60,2
"756","WALKER 3214","1300","1550",20,20,2
"757","WALKER 5113","0800","1050",62,64,2
"758","WALKER 5113","1100","1350",50,60,2
"759","WALKER 5113","1400","1650",56,60,2
"760","WALKER 6113","1000","1050",41,48,2
"761","WALKER 6113","1200","1350",60,65,2
"762","WALKER 6113","1400","1650",248,256,2
"763","WEST 110","1900","2030",18,40,2
"764","WEST 112","1000","1150",22,76,2
"765","WEST 112","1400","1550",7,19,2
"766","WEST 113","1200","1450",7,19,2
"767","WEST 211","1200","1350",22,19,2
"768","WEST 211","1800","2150",17,19,2
"769","WEST 214","0800","0950",14,19,2
"770","WEST 214","1200","1350",16,19,2
"771","WEST 214","1400","1550",12,19,2
"772","WEST 214","1800","1950",9,16,2
"773","WEST 323","1000","1150",10,19,2
"774","WEST 323","1200","1350",18,19,2
"775","WEST 323","1800","2050",38,80,2
"776","WEST 326","0800","0950",17,19,2
"777","WEST 326","1000","1150",6,19,2
"778","WEST 326","1200","1350",21,19,2
"779","WEST 326","1600","1750",10,7,2
"780","WEST 326","1900","2050",7,6,2
"781","WEST 411","1000","1150",15,19,2
"782","WEST 411","1200","1350",20,19,2
"783","WEST AUD","1000","1120",218,240,2
"784","WEST AUD","1200","1320",324,360,2
"785","WEST AUD","1400","1550",52,50,2
"786","ACADMY AUD","0800","0920",29,35,3
"787","ACADMY AUD","1000","1150",46,50,3
"788","ACADMY AUD","1200","1350",45,50,3
"789","ARMORY 209","1300","1530",2,30,3
"790","ARMORY 209","1600","1650",9,25,3
"791","CARNEG 101","1200","1250",116,120,3
"792","CARNEG 101","1600","1650",84,90,3
"793","CARNEG 102","1000","1050",261,280,3
"794","CARNEG 102","1100","1150",39,40,3
"795","CARNEG 102","1200","1250",39,40,3
"796","CARNEG 102","1400","1750",1,19,3
"797","CARNEG 102","1800","1850",37,40,3
"798","CARNEG 106","1200","1350",29,35,3
"799","CARNEG 113","1000","1150",83,90,3
"800","CARNEG 113","1000","1350",0,15,3
"801","CARNEG 113","1200","1350",70,75,3
"802","CARNEG 113","1400","1550",84,90,3
"803","CARNEG 205","1100","1150",90,90,3
"804","CARNEG 208","1400","1550",32,35,3
"805","DARRIN 174","1200","1550",17,19,3
"806","DARRIN 232","1200","1350",33,35,3
"807","DARRIN 235","1000","1250",1,10,3
"808","DARRIN 236","0800","0850",23,30,3
"809","DARRIN 236","1000","1250",6,20,3
"810","DARRIN 308","0800","0850",466,578,3
"811","DARRIN 308","0900","0950",405,428,3
"812","DARRIN 308","1300","1350",260,278,3
"813","DARRIN 308","1600","1750",214,300,3
"814","DARRIN 308","1800","1950",216,288,3
"815","DARRIN 318","0900","0950",53,80,3
"816","DARRIN 318","1400","1550",140,240,3
"817","DARRIN 318","1800","1950",120,192,3
"818","DARRIN 324","0900","0950",176,180,3
"819","DARRIN 324","1000","1050",278,280,3
"820","DARRIN 324","1100","1150",387,384,3
"821","DARRIN 324","1200","1250",278,280,3
"822","DARRIN 324","1300","1350",60,60,3
"823","DARRIN 324","1530","1730",38,100,3
"824","DARRIN 324","1800","1950",105,136,3
"825","DARRIN 330","0900","0950",91,120,3
"826","DARRIN 330","1000","1150",164,170,3
"827","DARRIN 330","1300","1350",13,50,3
"828","DARRIN 330","1400","1450",216,240,3
"829","DARRIN 330","1500","1550",226,240,3
"830","DARRIN 337","0800","0950",44,35,3
"831","DARRIN 337","1300","1350",42,60,3
"832","EATON 214","0900","0950",348,360,3
"833","EATON 214","1600","1650",208,240,3
"834","EATON 215","1000","1050",76,100,3
"835","EATON 215","1100","1150",42,46,3
"836","EATON 215","1200","1250",31,40,3
"837","EATON 215","1400","1550",90,92,3
"838","EATON 215","1600","1650",30,30,3
"839","EATON 216","1100","1150",30,30,3
"840","EATON 216","1500","1550",104,120,3
"841","EATON 216","1600","1650",43,78,3
"842","EATON 216","1800","1950",31,36,3
"843","GREENE 120","1200","1350",19,22,3
"844","GREENE 120","1400","1750",19,32,3
"845","GREENE 204","1000","1150",10,9,3
"846","GREENE STU","1400","1750",370,999,3
"847","GREENE STU","1700","1750",3,15,3
"848","J-ROWL","1200","1550",20,20,3
"849","J-ROWL","1200","1650",15,16,3
"850","J-ROWL 1W01","0900","1050",9,20,3
"851","J-ROWL 1W01","1200","1350",9,10,3
"852","J-ROWL 2C06","1000","1150",25,46,3
"853","J-ROWL 2C13","1500","1550",9,30,3
"854","J-ROWL 2C13","1600","1720",10,20,3
"855","J-ROWL 2C14","1200","1350",73,76,3
"856","J-ROWL 2C25","1000","1150",11,24,3
"857","J-ROWL 2C25","1200","1550",11,24,3
"858","J-ROWL 2C25","1700","1950",5,20,3
"859","J-ROWL 2C30","1000","1150",25,46,3
"860","J-ROWL 2C30","1400","1550",36,46,3
"861","J-ROWL 3C30","1200","1650",13,16,3
"862","J-ROWL 3W13","0800","0950",36,48,3
"863","J-ROWL 3W13","1000","1150",46,48,3
"864","J-ROWL 3W13","1200","1350",46,48,3
"865","J-ROWL 3W13","1400","1550",46,48,3
"866","J-ROWL 3W13","1600","1750",48,48,3
"867","J-ROWL 3W18","0900","1150",17,19,3
"868","JONSSN 1010","1000","1250",56,56,3
"869","JONSSN 1010","1400","1650",54,56,3
"870","JONSSN 1034","0800","0950",18,32,3
"871","JONSSN 1034","1000","1150",42,32,3
"872","JONSSN 1034","1200","1550",12,25,3
"873","JONSSN 1034","1600","1750",30,36,3
"874","JONSSN 1219","0900","1050",24,24,3
"875","JONSSN 1219","1200","1350",24,25,3
"876","JONSSN 1219","1500","1650",22,24,3
"877","JONSSN 2220","0800","0950",12,10,3
"878","JONSSN 2220","1000","1150",12,10,3
"879","JONSSN 2220","1200","1350",10,10,3
"880","JONSSN 2220","1400","1550",10,10,3
"881","JONSSN 3207","0900","1150",26,30,3
"882","JONSSN 3207","1200","1350",27,30,3
"883","JONSSN 3207","1400","1550",27,30,3
"884","JONSSN 3210","0800","0950",24,50,3
"885","JONSSN 3210","1000","1150",45,50,3
"886","JONSSN 3210","1200","1350",46,50,3
"887","JONSSN 3210","1400","1550",39,50,3
"888","JONSSN 3210","1600","1750",39,50,3
"889","JONSSN 3232","1200","1350",43,48,3
"890","JONSSN 4104","0900","1150",46,42,3
"891","JONSSN 4104","1200","1450",41,42,3
"892","JONSSN 4107","0900","1150",12,20,3
"893","JONSSN 4107","1400","1550",29,36,3
"894","JONSSN 4107","1630","1750",26,35,3
"895","JONSSN 4201","0900","1150",35,60,3
"896","JONSSN 4201","1400","1650",60,60,3
"897","JONSSN 4304","0800","0950",62,64,3
"898","JONSSN 4304","1000","1150",76,72,3
"899","JONSSN 4304","1200","1350",70,74,3
"900","JONSSN 4304","1400","1550",70,78,3
"901","JONSSN 4304","1600","1750",66,66,3
"902","JONSSN 5119","1000","1150",48,50,3
"903","JONSSN 5119","1200","1250",48,49,3
"904","JONSSN 5119","1400","1650",27,30,3
"905","JONSSN 5213","0900","1150",10,12,3
"906","JONSSN 5213","1300","1550",10,12,3
"907","JONSSN 6309","1000","1150",41,36,3
"908","JONSSN 6309","1200","1350",51,44,3
"909","JONSSN 6309","1400","1550",41,43,3
"910","LALLY 02","1000","1150",52,60,3
"911","LALLY 02","1300","1350",118,120,3
"912","LALLY 02","1400","1450",118,120,3
"913","LALLY 102","1000","1150",27,36,3
"914","LALLY 102","1200","1350",29,36,3
"915","LALLY 102","1400","1550",26,36,3
"916","LALLY 102","1600","1750",29,36,3
"917","LALLY 102","1800","1950",22,36,3
"918","LALLY 104","1000","1150",28,36,3
"919","LALLY 104","1200","1350",30,36,3
"920","LALLY 104","1400","1550",34,36,3
"921","LALLY 104","1600","1750",30,36,3
"922","LALLY 104","1800","1950",25,36,3
"923","LOW 3039","0800","0950",41,42,3
"924","LOW 3039","1400","1550",39,36,3
"925","LOW 3039","1800","2050",27,30,3
"926","LOW 3045","1000","1150",42,50,3
"927","LOW 3051","1100","1230",11,45,3
"928","LOW 3051","1600","1650",19,40,3
"929","LOW 3112","1500","1750",17,17,3
"930","LOW 3116","1500","1550",112,120,3
"931","LOW 3116","1600","1650",54,60,3
"932","LOW 3116","1700","1750",208,240,3
"933","LOW 3116","1800","1950",28,60,3
"934","LOW 3130","0900","1150",6,16,3
"935","LOW 3130","1200","1350",62,60,3
"936","LOW 3130","1600","1650",14,30,3
"937","LOW 4034","0900","1050",17,17,3
"938","LOW 4034","1100","1150",30,30,3
"939","LOW 4034","1200","1250",13,18,3
"940","LOW 4034","1800","2050",23,30,3
"941","LOW 4040","1000","1150",64,64,3
"942","LOW 4040","1800","1950",13,18,3
"943","LOW 4050","0800","0950",54,80,3
"944","LOW 4050","1000","1050",72,74,3
"945","LOW 4050","1100","1150",72,74,3
"946","LOW 4050","1200","1350",30,85,3
"947","LOW 4050","1600","1650",72,74,3
"948","LOW 4050","1900","2050",67,73,3
"949","LOW 5118","0900","1150",20,24,3
"950","LOW 5118","1400","1650",24,22,3
"951","LOW 5118","1730","2020",22,24,3
"952","LOW 6116","1200","1450",4,8,3
"953","LOW 6116","1500","1750",9,8,3
"954","MATLS 362","0900","1150",9,25,3
"955","MATLS 362","1200","1450",14,25,3
"956","PITTS 4114","1800","2050",36,55,3
"957","PITTS 4206","1100","1150",27,50,3
"958","PITTS 4206","1200","1350",88,80,3
"959","PITTS 4206","1400","1550",92,92,3
"960","PITTS 4206","1600","1750",30,92,3
"961","PITTS 4206","1800","1950",82,92,3
"962","PITTS 5114","1400","1550",18,36,3
"963","PITTS 5216","0900","1050",32,36,3
"964","PITTS 5216","1200","1350",32,36,3
"965","PITTS 5216","1500","1650",21,36,3
"966","RCKTTS 008A","1400","1750",64,75,3
"967","RCKTTS 203","1100","1150",240,240,3
"968","RCKTTS 203","1200","1250",115,154,3
"969","RCKTTS 208","1300","1350",39,40,3
"970","RCKTTS 208","1400","1450",40,40,3
"971","RCKTTS 208","1500","1550",39,40,3
"972","RCKTTS 211","0900","1150",76,179,3
"973","RCKTTS 211","1300","1350",39,60,3
"974","RCKTTS 211","1800","1950",39,75,3
"975","RCKTTS 212","0900","1250",25,33,3
"976","RCKTTS 212","1500","1650",22,25,3
"977","SAGE 2112","1100","1150",7,18,3
"978","SAGE 2112","1200","1350",6,40,3
"979","SAGE 2411","1400","1750",19,19,3
"980","SAGE 2510","1600","1750",52,60,3
"981","SAGE 2701","1400","1650",3,10,3
"982","SAGE 2704","1400","1550",62,60,3
"983","SAGE 2704","1600","1750",62,60,3
"984","SAGE 2715","1200","1350",37,36,3
"985","SAGE 2715","1400","1550",39,36,3
"986","SAGE 2715","1800","1950",66,68,3
"987","SAGE 3101","1000","1150",84,80,3
"988","SAGE 3101","1200","1550",15,65,3
"989","SAGE 3303","1000","1050",206,240,3
"990","SAGE 3303","1300","1350",40,195,3
"991","SAGE 3510","1100","1150",94,160,3
"992","SAGE 3510","1200","1250",192,240,3
"993","SAGE 3510","1300","1350",105,150,3
"994","SAGE 3704","1000","1050",66,60,3
"995","SAGE 3704","1100","1150",66,60,3
"996","SAGE 3704","1200","1350",37,36,3
"997","SAGE 3704","1400","1450",21,21,3
"998","SAGE 3705","1600","1650",9,50,3
"999","SAGE 3713","1000","1150",39,36,3
"1000","SAGE 4101","** TBA **","** TBA **",65,80,3
"1001","SAGE 4101","1130","1350",20,30,3
"1002","SAGE 4203","1300","1350",8,6,3
"1003","SAGE 4203","1430","1820",14,38,3
"1004","SAGE 4510","1300","1650",27,24,3
"1005","SAGE 5101","** TBA **","** TBA **",81,85,3
"1006","SAGE 5101","1100","1150",60,60,3
"1007","SAGE 5101","1200","1350",88,92,3
"1008","SAGE 5101","1800","1920",33,80,3
"1009","SAGE 5510","1300","1350",38,60,3
"1010","TROY 2012","1000","1150",67,70,3
"1011","TROY 2012","1300","1650",43,45,3
"1012","TROY 2018","1100","1150",38,40,3
"1013","TROY 2018","1400","1650",33,34,3
"1014","WALKER 3214","0800","1050",18,20,3
"1015","WALKER 3214","1200","1450",19,20,3
"1016","WALKER 5113","0900","1150",47,60,3
"1017","WALKER 5113","1200","1450",47,60,3
"1018","WALKER 5113","1500","1750",52,60,3
"1019","WALKER 6113","1000","1250",248,256,3
"1020","WALKER 6113","1300","1550",244,256,3
"1021","WALKER 6113","1600","1650",68,70,3
"1022","WEST 113","1100","1350",7,15,3
"1023","WEST 323","1500","1750",18,40,3
"1024","WEST AUD","0800","0850",171,210,3
"1025","WEST AUD","0900","0950",115,140,3
"1026","WEST AUD","1600","1750",622,660,3
"1027","WEST AUD","1800","1850",331,376,3
"1028","WEST AUD","1900","1950",224,236,3
"1029","ACADMY AUD","1000","1150",111,126,4
"1030","ACADMY AUD","1200","1350",72,70,4
"1031","ACADMY AUD","1400","1550",95,120,4
"1032","ACADMY AUD","1600","1720",78,125,4
"1033","ARMORY 209","1000","1150",23,25,4
"1034","ARMORY 302","0800","0950",14,37,4
"1035","CARNEG 101","1000","1150",6,30,4
"1036","CARNEG 101","1200","1350",35,35,4
"1037","CARNEG 101","1400","1550",18,30,4
"1038","CARNEG 102","1000","1150",10,20,4
"1039","CARNEG 102","1300","1350",39,40,4
"1040","CARNEG 102","1400","1550",11,20,4
"1041","CARNEG 102","1700","1750",28,40,4
"1042","CARNEG 102","1800","1850",11,40,4
"1043","CARNEG 106","1000","1150",74,80,4
"1044","CARNEG 106","1200","1350",17,19,4
"1045","CARNEG 106","1400","1520",23,35,4
"1046","CARNEG 113","0800","0950",45,80,4
"1047","CARNEG 113","1000","1120",91,92,4
"1048","CARNEG 113","1200","1350",59,60,4
"1049","CARNEG 113","1400","1550",56,70,4
"1050","CARNEG 113","1800","1950",73,90,4
"1051","CARNEG 201","1000","1150",49,49,4
"1052","CARNEG 201","1200","1350",45,46,4
"1053","CARNEG 201","1400","1550",13,30,4
"1054","CARNEG 201","1600","1750",31,48,4
"1055","CARNEG 205","1000","1150",5,5,4
"1056","CARNEG 205","1200","1350",2,5,4
"1057","CARNEG 205","1400","1550",19,19,4
"1058","CARNEG 206","1000","1150",10,35,4
"1059","CARNEG 206","1400","1550",8,30,4
"1060","CARNEG 208","1000","1150",25,25,4
"1061","CARNEG 208","1200","1350",15,30,4
"1062","CARNEG 208","1400","1550",20,33,4
"1063","CARNEG 210","0800","0850",96,105,4
"1064","CARNEG 210","0900","0950",96,105,4
"1065","CARNEG 210","1000","1150",22,30,4
"1066","CARNEG 210","1400","1550",23,25,4
"1067","COGSWL 113","1300","1650",7,18,4
"1068","DARRIN 232","0900","0950",13,35,4
"1069","DARRIN 232","1000","1150",18,30,4
"1070","DARRIN 232","1200","1250",96,90,4
"1071","DARRIN 232","1300","1350",90,90,4
"1072","DARRIN 232","1400","1550",30,35,4
"1073","DARRIN 232","1600","1720",3,20,4
"1074","DARRIN 235","1000","1150",7,19,4
"1075","DARRIN 235","1400","1520",12,60,4
"1076","DARRIN 235","1600","1750",19,19,4
"1077","DARRIN 236","1000","1150",31,30,4
"1078","DARRIN 236","1400","1520",17,30,4
"1079","DARRIN 236","1600","1750",10,19,4
"1080","DARRIN 239","0800","0950",31,30,4
"1081","DARRIN 239","1000","1150",14,60,4
"1082","DARRIN 239","1400","1550",27,30,4
"1083","DARRIN 239","1600","1750",5,25,4
"1084","DARRIN 308","0800","0950",216,288,4
"1085","DARRIN 308","1000","1150",189,400,4
"1086","DARRIN 308","1200","1350",202,400,4
"1087","DARRIN 308","1400","1520",950,952,4
"1088","DARRIN 308","1600","1720",482,684,4
"1089","DARRIN 308","1800","1950",1012,1012,4
"1090","DARRIN 318","0900","0950",53,80,4
"1091","DARRIN 318","1000","1150",222,216,4
"1092","DARRIN 318","1200","1350",87,84,4
"1093","DARRIN 318","1400","1520",360,360,4
"1094","DARRIN 318","1800","1950",526,740,4
"1095","DARRIN 324","1000","1050",278,280,4
"1096","DARRIN 324","1100","1150",387,384,4
"1097","DARRIN 324","1200","1250",278,280,4
"1098","DARRIN 324","1300","1350",60,60,4
"1099","DARRIN 324","1400","1550",115,120,4
"1100","DARRIN 330","0900","0950",214,240,4
"1101","DARRIN 330","1000","1150",65,150,4
"1102","DARRIN 330","1200","1350",114,150,4
"1103","DARRIN 330","1400","1450",216,240,4
"1104","DARRIN 330","1500","1550",226,240,4
"1105","DARRIN 337","0900","0950",44,35,4
"1106","DARRIN 337","1000","1150",94,110,4
"1107","DARRIN 337","1200","1350",175,220,4
"1108","DARRIN 337","1400","1550",67,70,4
"1109","DARRIN 337","1600","1750",99,100,4
"1110","DARRIN 337","1800","1950",174,244,4
"1111","EATON 214","0900","0950",348,360,4
"1112","EATON 214","1000","1150",46,80,4
"1113","EATON 214","1200","1320",238,240,4
"1114","EATON 214","1400","1520",218,240,4
"1115","EATON 214","1600","1650",208,240,4
"1116","EATON 215","1000","1150",38,49,4
"1117","EATON 215","1600","1750",35,100,4
"1118","EATON 216","0800","0850",56,60,4
"1119","EATON 216","0900","0950",60,60,4
"1120","EATON 216","1000","1050",56,60,4
"1121","EATON 216","1100","1150",48,60,4
"1122","EATON 216","1200","1350",17,40,4
"1123","EATON 216","1400","1520",9,40,4
"1124","GREENE","1200","1350",6,20,4
"1125","GREENE 120","1000","1150",19,60,4
"1126","GREENE 120","1400","1750",19,32,4
"1127","GREENE 120","1800","1950",0,10,4
"1128","GREENE 204","1000","1120",5,20,4
"1129","GREENE 204","1200","1350",0,20,4
"1130","GREENE STU","1400","1750",370,999,4
"1131","GURLEY","1000","1150",12,20,4
"1132","GURLEY","1400","1550",7,32,4
"1133","J-ROWL 1W01","1000","1050",40,40,4
"1134","J-ROWL 1W01","1200","1350",4,15,4
"1135","J-ROWL 1W01","1400","1550",5,30,4
"1136","J-ROWL 1W01","1600","1750",8,20,4
"1137","J-ROWL 2C06","0800","0950",47,36,4
"1138","J-ROWL 2C06","1000","1150",47,48,4
"1139","J-ROWL 2C06","1200","1350",45,48,4
"1140","J-ROWL 2C06","1400","1550",48,48,4
"1141","J-ROWL 2C06","1600","1750",44,48,4
"1142","J-ROWL 2C13","1000","1150",10,30,4
"1143","J-ROWL 2C13","1200","1350",19,19,4
"1144","J-ROWL 2C13","1400","1550",12,20,4
"1145","J-ROWL 2C14","1000","1150",45,48,4
"1146","J-ROWL 2C14","1200","1350",39,48,4
"1147","J-ROWL 2C14","1400","1550",2,48,4
"1148","J-ROWL 2C22","1000","1150",44,48,4
"1149","J-ROWL 2C22","1200","1350",44,48,4
"1150","J-ROWL 2C22","1400","1550",42,48,4
"1151","J-ROWL 2C22","1600","1650",35,48,4
"1152","J-ROWL 2C25","0800","0950",16,25,4
"1153","J-ROWL 2C25","1000","1120",12,50,4
"1154","J-ROWL 2C25","1200","1350",24,60,4
"1155","J-ROWL 2C25","1400","1550",8,24,4
"1156","J-ROWL 2C25","1600","1750",24,30,4
"1157","J-ROWL 2C30","0800","0950",48,48,4
"1158","J-ROWL 2C30","1000","1150",48,48,4
"1159","J-ROWL 2C30","1200","1350",31,48,4
"1160","J-ROWL 2C30","1400","1550",46,48,4
"1161","J-ROWL 3C30","1400","1550",13,16,4
"1162","J-ROWL 3W13","1000","1150",2,24,4
"1163","J-ROWL 3W13","1600","1730",8,24,4
"1164","J-ROWL 3W18","1400","1650",18,20,4
"1165","JONSSN 1010","0900","1150",50,56,4
"1166","JONSSN 1010","1400","1650",38,56,4
"1167","JONSSN 1010","1700","1950",38,56,4
"1168","JONSSN 1219","0800","0950",24,25,4
"1169","JONSSN 1219","1400","1550",23,25,4
"1170","JONSSN 2220","0800","0950",10,10,4
"1171","JONSSN 2220","1000","1150",10,10,4
"1172","JONSSN 3207","0800","0950",25,30,4
"1173","JONSSN 3207","1000","1150",21,55,4
"1174","JONSSN 3207","1200","1350",13,30,4
"1175","JONSSN 3207","1400","1550",1,20,4
"1176","JONSSN 3207","1600","1750",7,20,4
"1177","JONSSN 3210","0830","0950",36,78,4
"1178","JONSSN 3210","1000","1150",68,70,4
"1179","JONSSN 3210","1200","1350",48,56,4
"1180","JONSSN 3210","1400","1550",15,50,4
"1181","JONSSN 3232","0800","0950",52,56,4
"1182","JONSSN 3232","1400","1550",54,56,4
"1183","JONSSN 4104","1000","1120",35,40,4
"1184","JONSSN 4104","1400","1520",27,84,4
"1185","JONSSN 4107","1000","1120",23,80,4
"1186","JONSSN 4107","1230","1350",26,35,4
"1187","JONSSN 4107","1400","1520",27,35,4
"1188","JONSSN 4107","1600","1720",11,30,4
"1189","JONSSN 4201","0800","0950",41,68,4
"1190","JONSSN 4201","1000","1250",51,68,4
"1191","JONSSN 4201","1300","1550",63,70,4
"1192","JONSSN 4201","1600","1750",64,68,4
"1193","JONSSN 4304","1000","1150",29,35,4
"1194","JONSSN 4309","0800","0920",63,90,4
"1195","JONSSN 4309","1000","1150",46,56,4
"1196","JONSSN 4309","1200","1350",26,56,4
"1197","JONSSN 4309","1400","1550",32,35,4
"1198","JONSSN 4309","1800","1950",17,20,4
"1199","JONSSN 5119","1000","1150",56,56,4
"1200","JONSSN 5119","1200","1350",42,49,4
"1201","JONSSN 5119","1400","1550",35,48,4
"1202","JONSSN 5213","1300","1550",12,12,4
"1203","JONSSN 6309","1000","1120",28,30,4
"1204","JONSSN 6309","1230","1350",40,36,4
"1205","JONSSN 6309","1800","2050",40,49,4
"1206","LALLY 02","1000","1050",58,60,4
"1207","LALLY 02","1100","1150",60,60,4
"1208","LALLY 02","1400","1550",9,25,4
"1209","LALLY 02","1600","1720",14,20,4
"1210","LALLY 102","0800","0950",28,30,4
"1211","LALLY 102","1000","1150",28,30,4
"1212","LALLY 102","1200","1350",34,30,4
"1213","LALLY 102","1400","1550",40,60,4
"1214","LALLY 102","1600","1750",27,60,4
"1215","LALLY 104","0800","0850",60,70,4
"1216","LALLY 104","0900","0950",68,70,4
"1217","LALLY 104","1100","1350",42,45,4
"1218","LALLY 104","1400","1550",49,50,4
"1219","LOW 1027","1000","1250",21,24,4
"1220","LOW 1027","1400","1650",22,24,4
"1221","LOW 3039","1000","1150",36,70,4
"1222","LOW 3039","1400","1550",29,30,4
"1223","LOW 3045","0800","0950",26,38,4
"1224","LOW 3045","1000","1150",38,80,4
"1225","LOW 3045","1200","1320",27,32,4
"1226","LOW 3051","0900","1150",120,130,4
"1227","LOW 3051","1200","1350",47,68,4
"1228","LOW 3051","1400","1550",57,60,4
"1229","LOW 3112","0830","0950",16,20,4
"1230","LOW 3112","1000","1120",22,55,4
"1231","LOW 3112","1200","1350",8,20,4
"1232","LOW 3112","1400","1550",17,20,4
"1233","LOW 3116","0800","0850",28,35,4
"1234","LOW 3116","1000","1120",17,50,4
"1235","LOW 3116","1200","1250",60,60,4
"1236","LOW 3116","1300","1350",62,60,4
"1237","LOW 3116","1400","1550",46,56,4
"1238","LOW 3130","0830","0950",4,20,4
"1239","LOW 3130","1000","1150",12,25,4
"1240","LOW 3130","1200","1250",38,60,4
"1241","LOW 3130","1400","1550",40,56,4
"1242","LOW 4034","1000","1120",21,32,4
"1243","LOW 4034","1200","1350",12,10,4
"1244","LOW 4034","1400","1550",32,38,4
"1245","LOW 4040","0800","0950",5,20,4
"1246","LOW 4040","1200","1350",19,55,4
"1247","LOW 4040","1400","1520",17,30,4
"1248","LOW 4050","0800","0950",71,80,4
"1249","LOW 4050","1000","1150",152,140,4
"1250","LOW 4050","1200","1350",75,80,4
"1251","LOW 4050","1400","1550",75,90,4
"1252","LOW 4050","1600","1750",29,36,4
"1253","LOW 4050","1800","1950",101,110,4
"1254","LOW 5118","0900","1150",18,22,4
"1255","LOW 5118","1400","1650",18,22,4
"1256","LOW 6116","1200","1450",3,8,4
"1257","LOW 6116","1500","1750",3,8,4
"1258","MATLS 136","0830","0950",18,50,4
"1259","MATLS 136","1000","1150",20,28,4
"1260","MATLS 136","1200","1350",14,25,4
"1261","MATLS 136","1400","1550",13,28,4
"1262","PITTS 4114","0800","0950",31,40,4
"1263","PITTS 4114","1000","1150",39,40,4
"1264","PITTS 4114","1200","1330",28,50,4
"1265","PITTS 4114","1400","1550",51,55,4
"1266","PITTS 4114","1600","1850",29,55,4
"1267","PITTS 4206","0800","0950",64,70,4
"1268","PITTS 4206","1000","1150",62,64,4
"1269","PITTS 4206","1200","1450",17,52,4
"1270","PITTS 4206","1500","1750",7,36,4
"1271","PITTS 4206","1800","2050",45,54,4
"1272","PITTS 5114","1000","1150",9,19,4
"1273","PITTS 5114","1200","1350",25,30,4
"1274","PITTS 5114","1400","1550",23,30,4
"1275","PITTS 5114","1800","1950",8,30,4
"1276","PITTS 5216","1000","1130",17,23,4
"1277","PITTS 5216","1200","1350",28,30,4
"1278","PITTS 5216","1400","1550",40,40,4
"1279","PITTS 5216","1600","1730",28,50,4
"1280","RCKTTS 008A","1400","1750",39,75,4
"1281","RCKTTS 203","1100","1150",240,240,4
"1282","RCKTTS 203","1200","1350",86,90,4
"1283","RCKTTS 203","1400","1550",87,140,4
"1284","RCKTTS 203","1600","1850",40,60,4
"1285","RCKTTS 208","1000","1150",10,40,4
"1286","RCKTTS 208","1400","1550",4,19,4
"1287","RCKTTS 211","0830","0950",16,50,4
"1288","RCKTTS 211","1000","1150",148,150,4
"1289","RCKTTS 211","1200","1350",144,150,4
"1290","RCKTTS 211","1400","1550",47,60,4
"1291","RCKTTS 211","1600","1730",53,55,4
"1292","RCKTTS 212","1000","1150",21,33,4
"1293","RCKTTS 212","1200","1350",26,40,4
"1294","RCKTTS 212","1400","1550",13,31,4
"1295","SAGE","0900","1250",13,12,4
"1296","SAGE 1211","1200","1350",10,16,4
"1297","SAGE 1211","1600","1750",13,16,4
"1298","SAGE 2112","1000","1150",4,3,4
"1299","SAGE 2112","1400","1550",14,25,4
"1300","SAGE 2112","1600","1750",7,19,4
"1301","SAGE 2211","0900","1150",11,30,4
"1302","SAGE 2211","1400","1650",29,29,4
"1303","SAGE 2411","0800","0950",12,15,4
"1304","SAGE 2411","1000","1150",21,15,4
"1305","SAGE 2411","1200","1350",17,19,4
"1306","SAGE 2411","1400","1550",16,29,4
"1307","SAGE 2510","0800","0950",12,19,4
"1308","SAGE 2510","1000","1150",20,19,4
"1309","SAGE 2510","1200","1350",18,19,4
"1310","SAGE 2510","1400","1550",20,19,4
"1311","SAGE 2510","1600","1750",13,25,4
"1312","SAGE 2701","1000","1150",8,10,4
"1313","SAGE 2701","1200","1350",18,19,4
"1314","SAGE 2701","1400","1550",28,38,4
"1315","SAGE 2704","0800","0850",60,66,4
"1316","SAGE 2704","0900","0950",66,66,4
"1317","SAGE 2704","1000","1150",36,38,4
"1318","SAGE 2704","1200","1350",24,30,4
"1319","SAGE 2704","1400","1520",18,19,4
"1320","SAGE 2707","1000","1150",48,60,4
"1321","SAGE 2707","1200","1350",19,19,4
"1322","SAGE 2707","1400","1550",14,19,4
"1323","SAGE 2707","1600","1720",18,19,4
"1324","SAGE 2715","0800","0850",38,60,4
"1325","SAGE 2715","0900","0950",56,60,4
"1326","SAGE 2715","1000","1150",15,40,4
"1327","SAGE 2715","1200","1350",17,29,4
"1328","SAGE 2715","1400","1450",87,90,4
"1329","SAGE 2715","1500","1550",87,90,4
"1330","SAGE 2715","1800","1850",19,30,4
"1331","SAGE 3101","0800","0950",46,100,4
"1332","SAGE 3101","1000","1150",38,49,4
"1333","SAGE 3101","1200","1350",57,60,4
"1334","SAGE 3101","1400","1450",22,49,4
"1335","SAGE 3205","1000","1150",18,19,4
"1336","SAGE 3205","1200","1350",13,38,4
"1337","SAGE 3205","1400","1550",18,19,4
"1338","SAGE 3205","1600","1750",10,19,4
"1339","SAGE 3303","0800","0950",208,300,4
"1340","SAGE 3303","1000","1150",285,296,4
"1341","SAGE 3303","1200","1350",214,300,4
"1342","SAGE 3303","1400","1550",143,260,4
"1343","SAGE 3303","1600","1750",245,300,4
"1344","SAGE 3303","1800","1950",109,108,4
"1345","SAGE 3510","0800","0950",86,138,4
"1346","SAGE 3510","1000","1150",118,125,4
"1347","SAGE 3510","1200","1320",85,160,4
"1348","SAGE 3510","1400","1550",98,100,4
"1349","SAGE 3510","1800","1950",113,108,4
"1350","SAGE 3704","1000","1150",22,24,4
"1351","SAGE 3704","1200","1350",42,40,4
"1352","SAGE 3704","1400","1550",42,70,4
"1353","SAGE 3705","1000","1150",19,19,4
"1354","SAGE 3713","1000","1150",64,80,4
"1355","SAGE 3713","1200","1250",36,49,4
"1356","SAGE 3713","1400","1550",15,19,4
"1357","SAGE 3713","1600","1750",18,38,4
"1358","SAGE 4101","0800","0950",79,80,4
"1359","SAGE 4101","1000","1150",118,140,4
"1360","SAGE 4101","1200","1350",48,48,4
"1361","SAGE 4101","1400","1550",49,140,4
"1362","SAGE 4101","1600","1720",33,80,4
"1363","SAGE 4112","1000","1150",18,19,4
"1364","SAGE 4112","1200","1350",26,24,4
"1365","SAGE 4112","1400","1550",46,60,4
"1366","SAGE 4112","1600","1750",31,58,4
"1367","SAGE 4203","1000","1150",20,38,4
"1368","SAGE 4203","1200","1350",9,10,4
"1369","SAGE 4203","1400","1550",11,19,4
"1370","SAGE 4203","1600","1750",20,38,4
"1371","SAGE 4203","1800","2050",4,20,4
"1372","SAGE 4304","1000","1150",6,38,4
"1373","SAGE 4304","1400","1650",5,19,4
"1374","SAGE 4510","1000","1150",28,30,4
"1375","SAGE 4510","1200","1350",32,49,4
"1376","SAGE 4510","1400","1550",34,35,4
"1377","SAGE 4510","1600","1750",15,28,4
"1378","SAGE 4711","1000","1150",11,22,4
"1379","SAGE 4711","1400","1520",18,19,4
"1380","SAGE 4711","1600","1720",19,19,4
"1381","SAGE 5101","0800","0950",16,60,4
"1382","SAGE 5101","1000","1150",60,60,4
"1383","SAGE 5101","1200","1350",69,79,4
"1384","SAGE 5101","1400","1550",70,70,4
"1385","SAGE 5510","0800","0950",29,38,4
"1386","SAGE 5510","1000","1150",32,50,4
"1387","SAGE 5510","1200","1350",79,80,4
"1388","SAGE 5510","1400","1550",27,50,4
"1389","SAGE 5510","1600","1720",36,65,4
"1390","SAGE 5711","0900","1150",15,19,4
"1391","SAGE 5711","1400","1550",25,24,4
"1392","TROY 2012","0800","0950",38,40,4
"1393","TROY 2012","1000","1150",69,70,4
"1394","TROY 2012","1200","1320",171,204,4
"1395","TROY 2012","1400","1520",147,204,4
"1396","TROY 2012","1600","1720",10,35,4
"1397","TROY 2015","1000","1150",19,60,4
"1398","TROY 2015","1200","1320",20,60,4
"1399","TROY 2015","1400","1550",60,60,4
"1400","TROY 2018","1000","1150",64,68,4
"1401","TROY 2018","1200","1320",40,195,4
"1402","TROY 2018","1400","1450",42,57,4
"1403","TROY 2018","1500","1550",42,57,4
"1404","TROY 2018","1600","1750",64,68,4
"1405","VORHES NO","1000","1150",27,32,4
"1406","VORHES NO","1200","1320",35,35,4
"1407","VORHES SO","1000","1150",72,60,4
"1408","VORHES SO","1200","1250",49,49,4
"1409","VORHES SO","1400","1550",18,38,4
"1410","WALKER 3109","1400","1650",12,16,4
"1411","WALKER 3214","0800","1050",8,20,4
"1412","WALKER 3214","1400","1750",21,21,4
"1413","WALKER 5113","0800","1050",29,60,4
"1414","WALKER 5113","1100","1350",62,64,4
"1415","WALKER 5113","1400","1650",58,60,4
"1416","WALKER 5113","1700","1950",55,60,4
"1417","WALKER 6113","0800","0950",13,50,4
"1418","WALKER 6113","1000","1150",42,60,4
"1419","WALKER 6113","1200","1350",39,60,4
"1420","WALKER 6113","1400","1550",38,60,4
"1421","WALKER 6113","1600","1750",53,50,4
"1422","WALKER 6113","1800","1950",38,50,4
"1423","WEST 110","1900","2030",18,40,4
"1424","WEST 112","1000","1150",38,38,4
"1425","WEST 112","1200","1350",40,38,4
"1426","WEST 112","1400","1550",30,38,4
"1427","WEST 113","1200","1350",16,19,4
"1428","WEST 113","1400","1550",11,19,4
"1429","WEST 113","1600","1750",12,19,4
"1430","WEST 118","1000","1150",19,19,4
"1431","WEST 118","1200","1350",8,15,4
"1432","WEST 118","1400","1550",5,19,4
"1433","WEST 211","1200","1350",6,5,4
"1434","WEST 211","1400","1550",5,5,4
"1435","WEST 211","1600","1750",16,19,4
"1436","WEST 214","1200","1350",18,19,4
"1437","WEST 214","1400","1550",21,19,4
"1438","WEST 214","1600","1750",28,30,4
"1439","WEST 214","1800","1950",9,16,4
"1440","WEST 323","1000","1150",31,40,4
"1441","WEST 326","0800","0950",19,19,4
"1442","WEST 326","1000","1150",18,19,4
"1443","WEST 326","1200","1350",38,38,4
"1444","WEST 326","1400","1550",5,30,4
"1445","WEST 326","1600","1750",46,75,4
"1446","WEST 411","1200","1350",12,19,4
"1447","WEST 411","1400","1550",19,19,4
"1448","WEST AUD","1000","1120",238,240,4
"1449","WEST AUD","1200","1320",52,60,4
"1450","WEST AUD","1400","1550",158,200,4
"1451","WEST AUD","1600","1750",10,7,4
"1452","WEST AUD","1900","2050",7,6,4
"1453","ACADMY AUD","0800","0950",74,80,5
"1454","ACADMY AUD","1000","1150",93,110,5
"1455","ACADMY AUD","1200","1320",210,240,5
"1456","ACADMY AUD","1400","1550",50,130,5
"1457","ARMORY 209","1000","1150",16,30,5
"1458","ARMORY 302","0800","0950",14,25,5
"1459","CARNEG 101","1000","1150",27,55,5
"1460","CARNEG 101","1200","1350",17,60,5
"1461","CARNEG 101","1400","1550",28,35,5
"1462","CARNEG 102","0900","0950",39,40,5
"1463","CARNEG 106","0830","0950",14,35,5
"1464","CARNEG 106","1000","1150",34,38,5
"1465","CARNEG 106","1200","1350",24,35,5
"1466","CARNEG 106","1400","1550",18,30,5
"1467","CARNEG 113","0800","0950",173,190,5
"1468","CARNEG 113","1000","1150",185,183,5
"1469","CARNEG 113","1200","1350",97,100,5
"1470","CARNEG 113","1400","1550",43,70,5
"1471","CARNEG 201","0800","0950",16,30,5
"1472","CARNEG 201","1000","1150",4,20,5
"1473","CARNEG 201","1200","1350",28,49,5
"1474","CARNEG 201","1400","1550",56,90,5
"1475","CARNEG 205","1200","1350",19,16,5
"1476","CARNEG 206","0800","0850",70,70,5
"1477","CARNEG 206","0900","0950",68,70,5
"1478","CARNEG 206","1000","1150",18,19,5
"1479","CARNEG 206","1200","1320",7,30,5
"1480","CARNEG 206","1400","1550",46,45,5
"1481","CARNEG 208","1400","1550",14,30,5
"1482","CARNEG 210","1000","1120",14,25,5
"1483","CARNEG 210","1200","1350",16,33,5
"1484","CARNEG 210","1400","1450",58,60,5
"1485","CARNEG 210","1500","1550",38,60,5
"1486","DARRIN 232","0800","0850",56,60,5
"1487","DARRIN 232","0900","0950",56,60,5
"1488","DARRIN 232","1000","1150",24,19,5
"1489","DARRIN 232","1200","1350",30,30,5
"1490","DARRIN 232","1400","1550",10,25,5
"1491","DARRIN 235","1000","1150",11,30,5
"1492","DARRIN 235","1200","1250",54,60,5
"1493","DARRIN 235","1300","1350",58,60,5
"1494","DARRIN 235","1400","1550",22,30,5
"1495","DARRIN 236","1000","1150",25,35,5
"1496","DARRIN 236","1200","1350",22,40,5
"1497","DARRIN 236","1400","1550",20,28,5
"1498","DARRIN 239","1000","1150",23,30,5
"1499","DARRIN 239","1200","1350",29,35,5
"1500","DARRIN 239","1400","1550",18,19,5
"1501","DARRIN 308","0800","0920",187,270,5
"1502","DARRIN 308","1000","1120",235,274,5
"1503","DARRIN 308","1200","1320",215,244,5
"1504","DARRIN 308","1400","1550",280,360,5
"1505","DARRIN 318","0800","0950",120,192,5
"1506","DARRIN 318","1000","1150",194,200,5
"1507","DARRIN 318","1200","1350",78,80,5
"1508","DARRIN 318","1400","1520",366,420,5
"1509","DARRIN 324","0830","0950",114,165,5
"1510","DARRIN 324","1000","1120",100,120,5
"1511","DARRIN 324","1200","1320",207,240,5
"1512","DARRIN 330","0830","0950",258,280,5
"1513","DARRIN 330","1000","1150",137,150,5
"1514","DARRIN 330","1200","1330",61,85,5
"1515","DARRIN 330","1400","1550",72,100,5
"1516","DARRIN 337","0800","0950",40,60,5
"1517","DARRIN 337","1000","1150",90,140,5
"1518","DARRIN 337","1200","1320",66,60,5
"1519","DARRIN 337","1400","1520",66,60,5
"1520","DNASN 130","1000","1150",18,19,5
"1521","DNASN 130","1200","1350",17,19,5
"1522","DNASN 130","1400","1650",16,19,5
"1523","EATON 214","0800","0950",38,60,5
"1524","EATON 214","1000","1120",244,240,5
"1525","EATON 214","1200","1320",381,360,5
"1526","EATON 214","1400","1520",244,264,5
"1527","EATON 215","0800","0850",60,60,5
"1528","EATON 215","0900","0950",60,60,5
"1529","EATON 215","1100","1150",12,16,5
"1530","EATON 215","1200","1250",31,40,5
"1531","EATON 215","1400","1550",46,60,5
"1532","EATON 216","0800","0850",46,60,5
"1533","EATON 216","0900","0950",56,60,5
"1534","EATON 216","1200","1350",29,30,5
"1535","EATON 216","1400","1550",27,30,5
"1536","GREENE","1300","1550",11,11,5
"1537","GREENE 120","1000","1150",52,60,5
"1538","GREENE 120","1200","1320",54,60,5
"1539","GREENE 204","1300","1550",11,11,5
"1540","GURLEY","1000","1150",10,20,5
"1541","GURLEY","1230","1530",9,20,5
"1542","J-ROWL 1W01","1000","1150",13,20,5
"1543","J-ROWL 1W01","1200","1350",14,30,5
"1544","J-ROWL 1W01","1400","1520",14,30,5
"1545","J-ROWL 2C06","1000","1150",47,48,5
"1546","J-ROWL 2C06","1200","1350",47,48,5
"1547","J-ROWL 2C06","1400","1550",45,48,5
"1548","J-ROWL 2C13","1000","1150",15,35,5
"1549","J-ROWL 2C13","1400","1550",24,32,5
"1550","J-ROWL 2C13","1600","1720",10,20,5
"1551","J-ROWL 2C14","1000","1150",23,48,5
"1552","J-ROWL 2C14","1400","1550",12,48,5
"1553","J-ROWL 2C22","1000","1150",40,48,5
"1554","J-ROWL 2C22","1200","1350",45,48,5
"1555","J-ROWL 2C25","0800","0950",16,30,5
"1556","J-ROWL 2C25","1000","1150",23,30,5
"1557","J-ROWL 2C25","1200","1450",19,40,5
"1558","J-ROWL 2C30","1000","1150",45,48,5
"1559","J-ROWL 2C30","1200","1350",47,48,5
"1560","J-ROWL 2C30","1400","1550",45,48,5
"1561","J-ROWL 3W12","1200","1450",8,10,5
"1562","J-ROWL 3W13","1000","1150",28,30,5
"1563","J-ROWL 3W13","1200","1350",10,24,5
"1564","JONSSN 1010","1200","1450",26,56,5
"1565","JONSSN 3207","0800","0950",50,60,5
"1566","JONSSN 3207","1000","1150",30,56,5
"1567","JONSSN 3207","1200","1320",10,30,5
"1568","JONSSN 3207","1400","1550",20,25,5
"1569","JONSSN 3210","0800","0950",40,50,5
"1570","JONSSN 3210","1000","1150",26,56,5
"1571","JONSSN 3210","1200","1350",16,50,5
"1572","JONSSN 3210","1400","1550",43,50,5
"1573","JONSSN 3232","1400","1550",50,112,5
"1574","JONSSN 4104","1000","1120",17,30,5
"1575","JONSSN 4104","1230","1350",30,42,5
"1576","JONSSN 4104","1400","1520",21,34,5
"1577","JONSSN 4107","1230","1350",18,40,5
"1578","JONSSN 4107","1400","1520",5,36,5
"1579","JONSSN 4201","1000","1250",53,68,5
"1580","JONSSN 4201","1300","1550",59,70,5
"1581","JONSSN 4304","1000","1150",13,36,5
"1582","JONSSN 4304","1200","1320",11,30,5
"1583","JONSSN 4309","1200","1350",56,56,5
"1584","JONSSN 5119","1300","1550",10,45,5
"1585","JONSSN 6309","1000","1120",29,30,5
"1586","JONSSN 6309","1230","1350",29,56,5
"1587","JONSSN 6309","1400","1520",25,34,5
"1588","JONSSN 6314","1000","1150",6,16,5
"1589","LALLY 02","0800","0850",90,90,5
"1590","LALLY 02","0900","0950",87,90,5
"1591","LALLY 02","1000","1150",21,30,5
"1592","LALLY 02","1200","1350",10,80,5
"1593","LALLY 02","1400","1550",33,60,5
"1594","LALLY 102","1000","1150",54,58,5
"1595","LALLY 102","1200","1350",56,55,5
"1596","LALLY 104","1000","1150",44,45,5
"1597","LALLY 104","1200","1350",25,50,5
"1598","LALLY 104","1400","1550",31,30,5
"1599","LOW 3039","0830","0950",28,30,5
"1600","LOW 3039","1000","1150",39,80,5
"1601","LOW 3039","1200","1350",32,70,5
"1602","LOW 3039","1400","1450",38,40,5
"1603","LOW 3045","0800","0850",70,70,5
"1604","LOW 3045","0900","0950",68,70,5
"1605","LOW 3045","1000","1150",7,19,5
"1606","LOW 3045","1200","1350",45,116,5
"1607","LOW 3045","1400","1520",37,40,5
"1608","LOW 3051","0800","0950",42,49,5
"1609","LOW 3051","1000","1150",57,60,5
"1610","LOW 3051","1200","1350",66,70,5
"1611","LOW 3051","1400","1520",37,120,5
"1612","LOW 3112","0800","0850",81,90,5
"1613","LOW 3112","0900","0950",87,90,5
"1614","LOW 3112","1200","1320",6,20,5
"1615","LOW 3116","1000","1120",4,20,5
"1616","LOW 3116","1200","1350",23,30,5
"1617","LOW 3116","1400","1520",7,30,5
"1618","LOW 3130","1000","1150",64,64,5
"1619","LOW 3130","1200","1250",58,60,5
"1620","LOW 3130","1300","1350",52,60,5
"1621","LOW 4034","0800","0850",96,96,5
"1622","LOW 4034","0900","0950",96,96,5
"1623","LOW 4034","1000","1150",32,60,5
"1624","LOW 4040","1200","1350",12,40,5
"1625","LOW 4040","1400","1550",26,33,5
"1626","LOW 4050","1000","1150",98,98,5
"1627","LOW 4050","1200","1350",30,85,5
"1628","LOW 5118","0900","1150",18,22,5
"1629","MATLS 136","1000","1120",8,28,5
"1630","MATLS 136","1200","1350",20,28,5
"1631","MATLS 334","1400","1550",10,30,5
"1632","PITTS 4114","0900","1150",20,40,5
"1633","PITTS 4114","1200","1450",10,45,5
"1634","PITTS 4206","1000","1150",50,50,5
"1635","PITTS 4206","1200","1350",68,70,5
"1636","PITTS 4206","1400","1550",35,45,5
"1637","PITTS 5114","1000","1150",26,35,5
"1638","PITTS 5114","1200","1350",32,35,5
"1639","PITTS 5216","0800","0950",48,60,5
"1640","PITTS 5216","1000","1150",50,80,5
"1641","PITTS 5216","1200","1350",24,34,5
"1642","RCKTTS 203","0830","0950",26,50,5
"1643","RCKTTS 203","1000","1120",372,360,5
"1644","RCKTTS 203","1200","1350",53,60,5
"1645","RCKTTS 203","1400","1550",218,266,5
"1646","RCKTTS 206","1000","1150",10,25,5
"1647","RCKTTS 208","0800","0950",19,19,5
"1648","RCKTTS 208","1000","1150",19,19,5
"1649","RCKTTS 208","1200","1250",38,40,5
"1650","RCKTTS 208","1300","1350",38,40,5
"1651","RCKTTS 208","1500","1550",40,40,5
"1652","RCKTTS 211","0830","0950",105,180,5
"1653","RCKTTS 211","1000","1150",136,150,5
"1654","RCKTTS 211","1200","1350",144,150,5
"1655","RCKTTS 211","1400","1550",67,70,5
"1656","RCKTTS 212","1200","1350",9,30,5
"1657","RCKTTS 212","1400","1550",30,30,5
"1658","SAGE 2112","1000","1150",23,28,5
"1659","SAGE 2112","1200","1350",19,19,5
"1660","SAGE 2112","1400","1550",21,60,5
"1661","SAGE 2112","1600","1750",112,120,5
"1662","SAGE 2211","0900","1150",17,18,5
"1663","SAGE 2211","1200","1350",50,56,5
"1664","SAGE 2211","1400","1550",50,56,5
"1665","SAGE 2411","1000","1150",11,19,5
"1666","SAGE 2411","1200","1350",18,19,5
"1667","SAGE 2411","1400","1550",19,19,5
"1668","SAGE 2510","0800","0950",10,19,5
"1669","SAGE 2510","1000","1150",22,19,5
"1670","SAGE 2510","1400","1550",17,19,5
"1671","SAGE 2701","0800","0950",11,19,5
"1672","SAGE 2701","1200","1350",18,38,5
"1673","SAGE 2704","1000","1150",30,30,5
"1674","SAGE 2704","1200","1350",17,19,5
"1675","SAGE 2704","1400","1550",11,28,5
"1676","SAGE 2707","1000","1150",16,19,5
"1677","SAGE 2707","1200","1350",18,38,5
"1678","SAGE 2707","1400","1550",3,3,5
"1679","SAGE 2707","1600","1750",108,120,5
"1680","SAGE 2715","1000","1050",58,60,5
"1681","SAGE 2715","1100","1150",60,60,5
"1682","SAGE 2715","1300","1550",11,11,5
"1683","SAGE 2715","1600","1750",120,120,5
"1684","SAGE 3101","1000","1120",45,60,5
"1685","SAGE 3101","1200","1350",98,102,5
"1686","SAGE 3101","1400","1550",90,100,5
"1687","SAGE 3205","1200","1350",15,19,5
"1688","SAGE 3205","1400","1550",5,19,5
"1689","SAGE 3205","1600","1750",9,19,5
"1690","SAGE 3303","0830","0950",99,300,5
"1691","SAGE 3303","1000","1050",206,240,5
"1692","SAGE 3303","1200","1350",224,236,5
"1693","SAGE 3303","1400","1550",297,314,5
"1694","SAGE 3510","0800","0950",70,140,5
"1695","SAGE 3510","1030","1150",133,123,5
"1696","SAGE 3510","1200","1250",192,240,5
"1697","SAGE 3510","1300","1350",105,150,5
"1698","SAGE 3510","1400","1550",165,160,5
"1699","SAGE 3704","1200","1320",96,105,5
"1700","SAGE 3704","1600","1750",100,120,5
"1701","SAGE 3705","0900","1150",25,36,5
"1702","SAGE 3705","1400","1550",20,19,5
"1703","SAGE 3705","1600","1750",116,120,5
"1704","SAGE 3713","1000","1150",26,70,5
"1705","SAGE 3713","1200","1350",44,70,5
"1706","SAGE 3713","1400","1750",7,35,5
"1707","SAGE 4101","1000","1120",72,75,5
"1708","SAGE 4101","1200","1320",54,60,5
"1709","SAGE 4101","1400","1550",48,60,5
"1710","SAGE 4112","1000","1150",70,70,5
"1711","SAGE 4112","1200","1350",28,27,5
"1712","SAGE 4112","1600","1750",112,120,5
"1713","SAGE 4203","0800","0950",32,38,5
"1714","SAGE 4203","1400","1550",20,18,5
"1715","SAGE 4203","1600","1750",76,120,5
"1716","SAGE 4304","1000","1150",8,19,5
"1717","SAGE 4510","0830","0950",30,36,5
"1718","SAGE 4510","1000","1120",46,49,5
"1719","SAGE 4510","1200","1350",37,50,5
"1720","SAGE 4510","1400","1550",12,30,5
"1721","SAGE 4510","1600","1750",52,120,5
"1722","SAGE 4711","1000","1150",12,19,5
"1723","SAGE 4711","1200","1350",19,19,5
"1724","SAGE 4711","1600","1750",19,19,5
"1725","SAGE 5101","0800","0950",54,90,5
"1726","SAGE 5101","1000","1130",67,90,5
"1727","SAGE 5101","1200","1320",67,85,5
"1728","SAGE 5101","1400","1550",67,73,5
"1729","SAGE 5510","0800","0950",52,60,5
"1730","SAGE 5510","1000","1150",45,50,5
"1731","SAGE 5510","1200","1350",96,130,5
"1732","SAGE 5510","1400","1550",36,40,5
"1733","SAGE 5711","1000","1150",36,38,5
"1734","SAGE 5711","1200","1350",18,19,5
"1735","SAGE 5711","1400","1550",24,25,5
"1736","TROY 2012","0800","0950",11,60,5
"1737","TROY 2012","1000","1150",64,70,5
"1738","TROY 2012","1200","1350",38,60,5
"1739","TROY 2012","1400","1520",132,180,5
"1740","TROY 2015","1000","1150",3,3,5
"1741","TROY 2015","1200","1350",34,35,5
"1742","TROY 2015","1400","1550",5,20,5
"1743","TROY 2018","1000","1150",35,49,5
"1744","TROY 2018","1200","1350",4,5,5
"1745","VORHES NO","1000","1120",8,10,5
"1746","VORHES NO","1200","1350",7,38,5
"1747","VORHES NO","1400","1550",20,110,5
"1748","VORHES SO","0800","0850",60,60,5
"1749","VORHES SO","0900","0950",60,60,5
"1750","VORHES SO","1000","1150",23,40,5
"1751","VORHES SO","1200","1350",19,19,5
"1752","VORHES SO","1400","1550",60,60,5
"1753","WALKER 3214","0800","1050",18,20,5
"1754","WALKER 3214","1300","1550",16,20,5
"1755","WALKER 5113","0800","1050",45,60,5
"1756","WALKER 5113","1100","1350",20,60,5
"1757","WALKER 5113","1400","1650",54,60,5
"1758","WALKER 6113","1000","1050",41,48,5
"1759","WALKER 6113","1200","1350",60,65,5
"1760","WEST 112","1000","1150",11,38,5
"1761","WEST 112","1400","1550",7,19,5
"1762","WEST 211","1000","1150",57,57,5
"1763","WEST 211","1200","1350",22,19,5
"1764","WEST 214","0800","0950",14,19,5
"1765","WEST 214","1000","1150",54,57,5
"1766","WEST 214","1200","1350",16,19,5
"1767","WEST 214","1400","1550",12,19,5
"1768","WEST 323","1000","1150",10,19,5
"1769","WEST 323","1200","1350",18,19,5
"1770","WEST 326","0800","0950",17,19,5
"1771","WEST 326","1000","1150",6,19,5
"1772","WEST 326","1200","1350",21,19,5
"1773","WEST 411","1000","1150",15,19,5
"1774","WEST 411","1200","1350",20,19,5
"1775","WEST AUD","1000","1120",218,240,5
"1776","WEST AUD","1200","1320",324,360,5
"1777","WEST AUD","1400","1550",52,50,5
